bet_target_name,external_league_id,league_name,sport_id,sport_name
FK Ventspils,3274,2020 LMT Virsliga,soccer,Soccer
Hanshin Tigers,3377,2020 Nippon Professional Baseball,baseball,Baseball
"Stolze, N",2897,2020 Ultimate Fighting Championship,mma,MMA
FC Dornbirn,2548,2019/2020 Austria 2. Liga,soccer,Soccer
Calgary Flames,321,NHL,ice-hockey,Hockey
"Nogueira, A",2897,2020 Ultimate Fighting Championship,mma,MMA
GAIS,3284,2020 Superettan,soccer,Soccer
Club León,2928,2020 Liga BBVA Bancomer,soccer,Soccer
Sporting Kansas City,3053,2020 MLS,soccer,Soccer
Vitoria de Guimaraes,1283,2019/2020 Liga NOS,soccer,Soccer
Washington Football Team,319,NFL,american-football,Football
Gangwon FC,3188,2020 Korea Republic K-League 1,soccer,Soccer
Vegalta Sendai,3139,2020 J. League,soccer,Soccer
Saint-Étienne,2828,2019/2020 Coupe de France,soccer,Soccer
"Mendez, S",3333,2020 US Pro Tennis Series Women,tennis,Tennis
Wolverhampton Wanderers,1180,England Premier League,soccer,Soccer
Chicago Cubs,373,MLB,baseball,Baseball
Shanghai SIPG,3155,2020 Chinese Super League,soccer,Soccer
Marítimo,1283,2019/2020 Liga NOS,soccer,Soccer
"Meteleshko, I",3295,2020 Russian Liga Pro,table-tennis,Table Tennis
Portland Trail Blazers,320,NBA,basketball,Basketball
Burnley,1180,England Premier League,soccer,Soccer
FC Vitebsk,3294,2020 Belarusian Vysshaya Liga,soccer,Soccer
"Ronson, J",2897,2020 Ultimate Fighting Championship,mma,MMA
NULL,3154,2020 NASCAR Xfinity Series,motor-sports,Motor Racing
Cleveland Browns,319,NFL,american-football,Football
"Grillo, E",3444,2020 3M Open,golf,Golf
Napoli,2398,2019/2020 Serie A TIM,soccer,Soccer
San Antonio FC,3227,2020 USL,soccer,Soccer
"Yanshaev, A",3295,2020 Russian Liga Pro,table-tennis,Table Tennis
Montreal Impact,3053,2020 MLS,soccer,Soccer
Tallinna FC Levadia U21,3251,2020 Esiliiga A,soccer,Soccer
Maardu Linnameeskond,3251,2020 Esiliiga A,soccer,Soccer
AIK,3285,2020 Allsvenskan,soccer,Soccer
"Serebrennikov, A",3295,2020 Russian Liga Pro,table-tennis,Table Tennis
Colorado Rockies,373,MLB,baseball,Baseball
"Shirokov, V",3295,2020 Russian Liga Pro,table-tennis,Table Tennis
North Eastern MetroStars,3288,2020 PS4 National Premier Leagues South,soccer,Soccer
"Rua, M",2897,2020 Ultimate Fighting Championship,mma,MMA
Rio Ave,1283,2019/2020 Liga NOS,soccer,Soccer
"Brehm, R",3444,2020 3M Open,golf,Golf
FC Barcelona,1181,2019/2020 Liga de Fútbol Profesional,soccer,Soccer
Santos de Guápiles,3350,2020 Union de Clubes de Primera División,soccer,Soccer
Shimizu S-Pulse,3139,2020 J. League,soccer,Soccer
New Zealand Warriors,3296,2020 Telstra Premiership,rugby-league,Rugby League
Cittadella,2399,2019/2020 Serie B Eurobet,soccer,Soccer
Maccabi Rishon Le-Zion,3397,2019/2020 Ligat HaAl,basketball,Basketball
Brisbane City,3292,2020 PS4 National Premier Leagues Queensland,soccer,Soccer
Neuchâtel Xamax,1162,2019/2020 Raiffeisen Super League,soccer,Soccer
FC Baník Ostrava,921,2019/2020 SYNOT Liga,soccer,Soccer
"Ivanov, Valeri",3295,2020 Russian Liga Pro,table-tennis,Table Tennis
"Craig, P",2897,2020 Ultimate Fighting Championship,mma,MMA
FC Mariupol,1214,2019/2020 Premier League,soccer,Soccer
"Stefani, S",3444,2020 3M Open,golf,Golf
FC Slutsk,3294,2020 Belarusian Vysshaya Liga,soccer,Soccer
Trapani,2399,2019/2020 Serie B Eurobet,soccer,Soccer
SK Super Nova,3417,2020 Latvia 1. Liga,soccer,Soccer
"Smirnov, I",3295,2020 Russian Liga Pro,table-tennis,Table Tennis
New Mexico United,3227,2020 USL,soccer,Soccer
Denver Broncos,319,NFL,american-football,Football
Olympique Lyonnais,2375,2019/2020 Coupe de la Ligue,soccer,Soccer
Club América,2928,2020 Liga BBVA Bancomer,soccer,Soccer
Mike Pero Nelson Giants,3406,2020 New Zealand Sal's NBL,basketball,Basketball
Milwaukee Bucks,320,NBA,basketball,Basketball
Philadelphia Phillies,373,MLB,baseball,Baseball
Machida Zelvia,3181,2020 J. League 2,soccer,Soccer
Atalanta,2398,2019/2020 Serie A TIM,soccer,Soccer
Volna Pinsk,3314,2020 Belarus Division 1,soccer,Soccer
Tampa Bay Rowdies,3227,2020 USL,soccer,Soccer
NULL,3442,2020 Price Cutter Charity Championship Presented by Dr Pepper,golf,Golf
"Frolov, A",3295,2020 Russian Liga Pro,table-tennis,Table Tennis
Dalkurd FF,3284,2020 Superettan,soccer,Soccer
KF Laci,2444,2019/2020 Kategoria Superiore,soccer,Soccer
Athletic Bilbao,1181,2019/2020 Liga de Fútbol Profesional,soccer,Soccer
Winnipeg Jets,321,NHL,ice-hockey,Hockey
AGF Aarhus,1122,2019/2020 ALKA Superliga,soccer,Soccer
FC Nõmme United,3251,2020 Esiliiga A,soccer,Soccer
Partizani Tirana,2444,2019/2020 Kategoria Superiore,soccer,Soccer
"Pico, A",3000,2020 Bellator 85,mma,MMA
Brighton & Hove Albion,1180,England Premier League,soccer,Soccer
Västerås SK FK,3284,2020 Superettan,soccer,Soccer
"Bandejas, R",3000,2020 Bellator 85,mma,MMA
UD Almería,2366,2019/2020 LaLiga 1|2|3,soccer,Soccer
Armadale SC,3289,2020 PS4 National Premier Leagues Western,soccer,Soccer
Shandong Luneng Taishan,3155,2020 Chinese Super League,soccer,Soccer
Incheon United,3188,2020 Korea Republic K-League 1,soccer,Soccer
Degerfors IF,3284,2020 Superettan,soccer,Soccer
Denver Nuggets,320,NBA,basketball,Basketball
San Jose Earthquakes,3053,2020 MLS,soccer,Soccer
FC Honka,3412,2020 Veikkausliiga,soccer,Soccer
Adelaide City,3288,2020 PS4 National Premier Leagues South,soccer,Soccer
Tokyo Yakult Swallows,3377,2020 Nippon Professional Baseball,baseball,Baseball
Suwon FC,3255,2020 Korea Republic K-League 2,soccer,Soccer
Jönköpings Södra,3284,2020 Superettan,soccer,Soccer
Start,3351,2020 Eliteserien,soccer,Soccer
Great Britain Race,3214,2020 FIA Formula One World Championship,motor-sports,Motor Racing
Virtus Entella,2399,2019/2020 Serie B Eurobet,soccer,Soccer
Monaro Panthers,3293,2020 National Premier League Capital Territory,soccer,Soccer
Redlands United,3292,2020 PS4 National Premier Leagues Queensland,soccer,Soccer
Giravanz Kitakyushu,3181,2020 J. League 2,soccer,Soccer
Pittsburgh Penguins,321,NHL,ice-hockey,Hockey
"Arutiunyan, A",3295,2020 Russian Liga Pro,table-tennis,Table Tennis
FC Shakhtyor Soligorsk,3294,2020 Belarusian Vysshaya Liga,soccer,Soccer
Vancouver Whitecaps,3053,2020 MLS,soccer,Soccer
Torpedo Kutaisi,3220,2020 Georgia Erovnuli Liga,soccer,Soccer
"Lyfenko, N",3295,2020 Russian Liga Pro,table-tennis,Table Tennis
Avispa Fukuoka,3181,2020 J. League 2,soccer,Soccer
Capalaba Bulldogs,3292,2020 PS4 National Premier Leagues Queensland,soccer,Soccer
Sporting Kansas City II,3227,2020 USL,soccer,Soccer
Saitama Seibu Lions,3377,2020 Nippon Professional Baseball,baseball,Baseball
Tennessee Titans,319,NFL,american-football,Football
Southampton,1180,England Premier League,soccer,Soccer
Los Angeles Lakers,320,NBA,basketball,Basketball
Pittsburgh Riverhounds,3227,2020 USL,soccer,Soccer
Odra Opole,2411,2020/2021 Polish First League,soccer,Soccer
Indiana Pacers,320,NBA,basketball,Basketball
"Grundy, M",2897,2020 Ultimate Fighting Championship,mma,MMA
Qingdao Huanghai FC,3155,2020 Chinese Super League,soccer,Soccer
FC Saburtalo Tbilisi,3220,2020 Georgia Erovnuli Liga,soccer,Soccer
AC Kajaani,3405,2020 Ykkönen,soccer,Soccer
"Brunson, D",2897,2020 Ultimate Fighting Championship,mma,MMA
"Mandlik, E",3333,2020 US Pro Tennis Series Women,tennis,Tennis
Deportivo Toluca,2928,2020 Liga BBVA Bancomer,soccer,Soccer
FC Molodechno,3336,2020/2021 Belarusian Cup,soccer,Soccer
"Blanch, U",3353,2020 Grand Slam Tennis Tours MatchPlay 120,tennis,Tennis
"Udvardy, P",3333,2020 US Pro Tennis Series Women,tennis,Tennis
VfL Wolfsburg,2454,2019/2020 UEFA Europa League,soccer,Soccer
Crystal Palace,1180,England Premier League,soccer,Soccer
FC FCSB,1123,2019/2020 Liga 1 Bergembier,soccer,Soccer
Municipal Pérez Zeledón,3350,2020 Union de Clubes de Primera División,soccer,Soccer
AS Roma,2454,2019/2020 UEFA Europa League,soccer,Soccer
"Gustafsson, A",2897,2020 Ultimate Fighting Championship,mma,MMA
Belenenses,1283,2019/2020 Liga NOS,soccer,Soccer
C.S. Cartaginés,3350,2020 Union de Clubes de Primera División,soccer,Soccer
FC Arges Pitesti,2410,2019/2020 Liga II,soccer,Soccer
Djurgårdens IF,3285,2020 Allsvenskan,soccer,Soccer
Washington Capitals,321,NHL,ice-hockey,Hockey
Istanbul Basaksehir FK,2378,2019/2020 Spor Toto Süper Lig,soccer,Soccer
Dallas Cowboys,319,NFL,american-football,Football
Adelaide Comets,3288,2020 PS4 National Premier Leagues South,soccer,Soccer
Matsumoto Yamaga FC,3181,2020 J. League 2,soccer,Soccer
Lechia Gdansk,1148,2019/2020 T-Mobile Ekstraklasa,soccer,Soccer
NK Osijek,1150,2019/2020 MAXtv Prva HNL,soccer,Soccer
Carlton,3219,2020 Toyota AFL Premiership,aussie-rules,Aussie Rules
Gold Coast Knights SC,3292,2020 PS4 National Premier Leagues Queensland,soccer,Soccer
"Safonov, V",3295,2020 Russian Liga Pro,table-tennis,Table Tennis
Busan I'Park,3188,2020 Korea Republic K-League 1,soccer,Soccer
Belshina Bobruisk,3294,2020 Belarusian Vysshaya Liga,soccer,Soccer
Albirex Niigata Albi,3181,2020 J. League 2,soccer,Soccer
Toronto Blue Jays,373,MLB,baseball,Baseball
Indianapolis Colts,319,NFL,american-football,Football
Vissel Kobe,3139,2020 J. League,soccer,Soccer
Gwelup Croatia SC,3289,2020 PS4 National Premier Leagues Western,soccer,Soccer
OKS Stomil Olsztyn,2411,2020/2021 Polish First League,soccer,Soccer
"Olmos, G",3362,2020 US Pro Tennis Series West Women,tennis,Tennis
Istanbul Basaksehir FK,2454,2019/2020 UEFA Europa League,soccer,Soccer
FK Jelgava,3274,2020 LMT Virsliga,soccer,Soccer
"Gomez, F",3444,2020 3M Open,golf,Golf
Dinamo Minsk,3294,2020 Belarusian Vysshaya Liga,soccer,Soccer
Chicago White Sox,373,MLB,baseball,Baseball
IF Gnistan,3405,2020 Ykkönen,soccer,Soccer
Skive IK,2418,2019/2020 NordicBet Ligaen,soccer,Soccer
"Sleeth, L",3333,2020 US Pro Tennis Series Women,tennis,Tennis
LG Twins,3330,2020 Korean Baseball Organization,baseball,Baseball
Los Angeles Dodgers,373,MLB,baseball,Baseball
Sandefjord Fotball,3351,2020 Eliteserien,soccer,Soccer
FK Krasnodar,1124,2019/2020 Sogaz Russian Championship,soccer,Soccer
Sydney,3219,2020 Toyota AFL Premiership,aussie-rules,Aussie Rules
Launceston City,3290,2020 National Premier Leagues Tasmania,soccer,Soccer
Ascoli,2399,2019/2020 Serie B Eurobet,soccer,Soccer
"Halbauer, E",3333,2020 US Pro Tennis Series Women,tennis,Tennis
FC Lugano,1162,2019/2020 Raiffeisen Super League,soccer,Soccer
"Spicely, E",2897,2020 Ultimate Fighting Championship,mma,MMA
Cockburn City,3289,2020 PS4 National Premier Leagues Western,soccer,Soccer
"Basmanov, D",3295,2020 Russian Liga Pro,table-tennis,Table Tennis
"Atwal, A",3444,2020 3M Open,golf,Golf
Daejeon Citizen,3255,2020 Korea Republic K-League 2,soccer,Soccer
Ehime FC,3181,2020 J. League 2,soccer,Soccer
Lotte Giants,3330,2020 Korean Baseball Organization,baseball,Baseball
FC BATE Borisov,3294,2020 Belarusian Vysshaya Liga,soccer,Soccer
Östersunds FK,3285,2020 Allsvenskan,soccer,Soccer
Orix Buffaloes,3377,2020 Nippon Professional Baseball,baseball,Baseball
HNK Rijeka,1150,2019/2020 MAXtv Prva HNL,soccer,Soccer
HJK Helsinki,3412,2020 Veikkausliiga,soccer,Soccer
"Closs, M",3362,2020 US Pro Tennis Series West Women,tennis,Tennis
Brumbies,3414,2020 Super Rugby Mini-Series,rugby-union,Rugby Union
"Hapoel ""Bank Yahav"" Jerusalem",3397,2019/2020 Ligat HaAl,basketball,Basketball
Kiwoom Heroes,3330,2020 Korean Baseball Organization,baseball,Baseball
HB Køge,2418,2019/2020 NordicBet Ligaen,soccer,Soccer
"Jovic, J",3333,2020 US Pro Tennis Series Women,tennis,Tennis
"Wilson, Jay Jay",3000,2020 Bellator 85,mma,MMA
Guangzhou R&F,3155,2020 Chinese Super League,soccer,Soccer
St Kilda,3219,2020 Toyota AFL Premiership,aussie-rules,Aussie Rules
Gazisehir Gaziantep F.K.,2378,2019/2020 Spor Toto Süper Lig,soccer,Soccer
JK Tallinna Kalev,3253,2020 A Le Coq Premium Liiga,soccer,Soccer
FC Clinceni,1123,2019/2020 Liga 1 Bergembier,soccer,Soccer
Fagiano Okayama,3181,2020 J. League 2,soccer,Soccer
Washington Wizards,320,NBA,basketball,Basketball
Arsenal,2797,2019/2020 The Emirates FA Cup,soccer,Soccer
Real Betis,1181,2019/2020 Liga de Fútbol Profesional,soccer,Soccer
Örebro SK,3285,2020 Allsvenskan,soccer,Soccer
"Cid Subervi, R",3353,2020 Grand Slam Tennis Tours MatchPlay 120,tennis,Tennis
Liverpool,1180,England Premier League,soccer,Soccer
IK Sirius,3285,2020 Allsvenskan,soccer,Soccer
SJK Akatemia,3405,2020 Ykkönen,soccer,Soccer
Kia Tigers,3330,2020 Korean Baseball Organization,baseball,Baseball
"Smith, M",3437,2020 BetVictor World Matchplay,darts,Darts
Buffalo Bills,319,NFL,american-football,Football
Istra 1961,1150,2019/2020 MAXtv Prva HNL,soccer,Soccer
"Henley, R",3444,2020 3M Open,golf,Golf
Ilves,3412,2020 Veikkausliiga,soccer,Soccer
"Nikulin, S",3295,2020 Russian Liga Pro,table-tennis,Table Tennis
"Kirilenko, A",3295,2020 Russian Liga Pro,table-tennis,Table Tennis
Trabzonspor,2378,2019/2020 Spor Toto Süper Lig,soccer,Soccer
NC Dinos,3330,2020 Korean Baseball Organization,baseball,Baseball
Collingwood,3219,2020 Toyota AFL Premiership,aussie-rules,Aussie Rules
Víkingur Gøta,3260,2020 Vodafonedeildin Premier League,soccer,Soccer
"Bychkov, S",3295,2020 Russian Liga Pro,table-tennis,Table Tennis
Yokohama FC,3139,2020 J. League,soccer,Soccer
"Cormier, D",2897,2020 Ultimate Fighting Championship,mma,MMA
CS Herediano,3350,2020 Union de Clubes de Primera División,soccer,Soccer
Portimonense,1283,2019/2020 Liga NOS,soccer,Soccer
Auckland Huskies,3406,2020 New Zealand Sal's NBL,basketball,Basketball
IFK Göteborg,3285,2020 Allsvenskan,soccer,Soccer
"Khomutov, S",3295,2020 Russian Liga Pro,table-tennis,Table Tennis
Galatasaray SK,2378,2019/2020 Spor Toto Süper Lig,soccer,Soccer
Detroit Lions,319,NFL,american-football,Football
"Karimov, J",3361,2020 US Pro Tennis Series West,tennis,Tennis
Jeonbuk Hyundai Motors,3188,2020 Korea Republic K-League 1,soccer,Soccer
"Karlovskiy, E",3353,2020 Grand Slam Tennis Tours MatchPlay 120,tennis,Tennis
Brentford,1235,2019/2020 Sky Bet Championship,soccer,Soccer
Jiangsu Suning F.C.,3155,2020 Chinese Super League,soccer,Soccer
Olympiacos,2454,2019/2020 UEFA Europa League,soccer,Soccer
Guangzhou Evergrande F.C.,3155,2020 Chinese Super League,soccer,Soccer
New York City FC,3053,2020 MLS,soccer,Soccer
Adelaide Blue Eagles,3288,2020 PS4 National Premier Leagues South,soccer,Soccer
"Fanning, E",3333,2020 US Pro Tennis Series Women,tennis,Tennis
"Antigulov, G",2897,2020 Ultimate Fighting Championship,mma,MMA
Montreal Canadiens,321,NHL,ice-hockey,Hockey
Neman Grodno,3294,2020 Belarusian Vysshaya Liga,soccer,Soccer
"Hadley, C",3444,2020 3M Open,golf,Golf
New England Revolution,3053,2020 MLS,soccer,Soccer
Cronulla-Sutherland Sharks,3296,2020 Telstra Premiership,rugby-league,Rugby League
"Andreev, D",3295,2020 Russian Liga Pro,table-tennis,Table Tennis
FK Tukums 2000/Tss,3274,2020 LMT Virsliga,soccer,Soccer
Gold Coast Titans,3296,2020 Telstra Premiership,rugby-league,Rugby League
"Vera, M",2897,2020 Ultimate Fighting Championship,mma,MMA
CD Aves,1283,2019/2020 Liga NOS,soccer,Soccer
Tampa Bay Rays,373,MLB,baseball,Baseball
Odense BK,1122,2019/2020 ALKA Superliga,soccer,Soccer
Querétaro,2928,2020 Liga BBVA Bancomer,soccer,Soccer
FC Smolevichi-STI,3294,2020 Belarusian Vysshaya Liga,soccer,Soccer
"Nefedova, A",3333,2020 US Pro Tennis Series Women,tennis,Tennis
Adelaide United,2712,2019/2020 Hyundai A-League,soccer,Soccer
FC Rukh Brest,3294,2020 Belarusian Vysshaya Liga,soccer,Soccer
KSV 1919,2548,2019/2020 Austria 2. Liga,soccer,Soccer
Zaglebie Sosnowiec,2411,2020/2021 Polish First League,soccer,Soccer
Shenzhen FC,3155,2020 Chinese Super League,soccer,Soccer
Bucheon FC 1995,3255,2020 Korea Republic K-League 2,soccer,Soccer
"Mitchell, K",3444,2020 3M Open,golf,Golf
Fremad Amager,2418,2019/2020 NordicBet Ligaen,soccer,Soccer
"Saenz, F",2897,2020 Ultimate Fighting Championship,mma,MMA
Zweigen Kanazawa,3181,2020 J. League 2,soccer,Soccer
Juve Stabia,2399,2019/2020 Serie B Eurobet,soccer,Soccer
"Brown, R",2897,2020 Ultimate Fighting Championship,mma,MMA
Torpedo Belaz,3294,2020 Belarusian Vysshaya Liga,soccer,Soccer
Energetik-BGU,3294,2020 Belarusian Vysshaya Liga,soccer,Soccer
Orlando City,3053,2020 MLS,soccer,Soccer
Glenorchy Knights,3290,2020 National Premier Leagues Tasmania,soccer,Soccer
JEF United Chiba,3181,2020 J. League 2,soccer,Soccer
SKU Amstetten,2548,2019/2020 Austria 2. Liga,soccer,Soccer
Newcastle Knights,3296,2020 Telstra Premiership,rugby-league,Rugby League
Stade Lausanne-Ouchy,1233,2019/2020 Brack.ch Challenge League,soccer,Soccer
Port Adelaide,3219,2020 Toyota AFL Premiership,aussie-rules,Aussie Rules
"Frittelli, D",3444,2020 3M Open,golf,Golf
Chicago Bears,319,NFL,american-football,Football
FC Wacker Innsbruck,2548,2019/2020 Austria 2. Liga,soccer,Soccer
Sarpsborg 08,3351,2020 Eliteserien,soccer,Soccer
Western Sydney Wanderers,2712,2019/2020 Hyundai A-League,soccer,Soccer
Las Vegas Raiders,319,NFL,american-football,Football
Chievo,2399,2019/2020 Serie B Eurobet,soccer,Soccer
Hurricanes,3344,2020 Super Rugby Mini-Series,rugby-union,Rugby Union
"Bobrov, B",3361,2020 US Pro Tennis Series West,tennis,Tennis
Genoa,2398,2019/2020 Serie A TIM,soccer,Soccer
Tottenham Hotspur,1180,England Premier League,soccer,Soccer
FK Isloch Minsk,3294,2020 Belarusian Vysshaya Liga,soccer,Soccer
Jacksonville Jaguars,319,NFL,american-football,Football
"Emmers, J",2897,2020 Ultimate Fighting Championship,mma,MMA
"O'Malley, S",2897,2020 Ultimate Fighting Championship,mma,MMA
"Haley II, P",3442,2020 Price Cutter Charity Championship Presented by Dr Pepper,golf,Golf
Strømsgodset,3351,2020 Eliteserien,soccer,Soccer
FC Sion,1162,2019/2020 Raiffeisen Super League,soccer,Soccer
"Mitchell, S",3313,2020 Icons of Darts Live League,darts,Darts
FC Zürich,1162,2019/2020 Raiffeisen Super League,soccer,Soccer
FC Roskilde,2418,2019/2020 NordicBet Ligaen,soccer,Soccer
Górnik Zabrze,1148,2019/2020 T-Mobile Ekstraklasa,soccer,Soccer
El Paso Locomotive FC,3227,2020 USL,soccer,Soccer
Kayserispor,2378,2019/2020 Spor Toto Süper Lig,soccer,Soccer
NULL,3340,NFL Futures,american-football,Football
Las Vegas Lights,3227,2020 USL,soccer,Soccer
NK Lokomotiva,1150,2019/2020 MAXtv Prva HNL,soccer,Soccer
"Oliveira, A",2897,2020 Ultimate Fighting Championship,mma,MMA
Thespakusatsu Gunma,3181,2020 J. League 2,soccer,Soccer
Jeju United,3255,2020 Korea Republic K-League 2,soccer,Soccer
Miami Dolphins,319,NFL,american-football,Football
Kansas City Royals,373,MLB,baseball,Baseball
"Ying, D",3295,2020 Russian Liga Pro,table-tennis,Table Tennis
KuPS,3412,2020 Veikkausliiga,soccer,Soccer
Júbilo Iwata,3181,2020 J. League 2,soccer,Soccer
AC Horsens,1122,2019/2020 ALKA Superliga,soccer,Soccer
Real Mallorca,1181,2019/2020 Liga de Fútbol Profesional,soccer,Soccer
CSM Politehnica Iasi,1123,2019/2020 Liga 1 Bergembier,soccer,Soccer
Real Oviedo,2366,2019/2020 LaLiga 1|2|3,soccer,Soccer
Arizona Cardinals,319,NFL,american-football,Football
Lions FC,3292,2020 PS4 National Premier Leagues Queensland,soccer,Soccer
Hawthorn,3219,2020 Toyota AFL Premiership,aussie-rules,Aussie Rules
"Claxton, T",3000,2020 Bellator 85,mma,MMA
Washington Redskins,319,NFL,american-football,Football
ADR Jicaral,3350,2020 Union de Clubes de Primera División,soccer,Soccer
Tokushima Vortis,3181,2020 J. League 2,soccer,Soccer
Fukuoka SoftBank Hawks,3377,2020 Nippon Professional Baseball,baseball,Baseball
Paris Saint-Germain,2375,2019/2020 Coupe de la Ligue,soccer,Soccer
Oklahoma City Thunder,320,NBA,basketball,Basketball
"Pavlenko, R",3295,2020 Russian Liga Pro,table-tennis,Table Tennis
FC Nordsjælland,1122,2019/2020 ALKA Superliga,soccer,Soccer
FC Thun,1162,2019/2020 Raiffeisen Super League,soccer,Soccer
Moreirense FC,1283,2019/2020 Liga NOS,soccer,Soccer
Famalicão,1283,2019/2020 Liga NOS,soccer,Soccer
Baltimore Ravens,319,NFL,american-football,Football
"Khudaiberdiev, Z",3295,2020 Russian Liga Pro,table-tennis,Table Tennis
Arizona Coyotes,321,NHL,ice-hockey,Hockey
Wigry Suwalki,2411,2020/2021 Polish First League,soccer,Soccer
Mjällby AIF,3285,2020 Allsvenskan,soccer,Soccer
"Vrablik, J",3326,2020 TTStar Series,table-tennis,Table Tennis
Boston Red Sox,373,MLB,baseball,Baseball
Para Hills Knights,3288,2020 PS4 National Premier Leagues South,soccer,Soccer
Cardiff City,1235,2019/2020 Sky Bet Championship,soccer,Soccer
"Trinaldo, F",2897,2020 Ultimate Fighting Championship,mma,MMA
Fenerbahçe SK,2378,2019/2020 Spor Toto Süper Lig,soccer,Soccer
"Novikov, I",3295,2020 Russian Liga Pro,table-tennis,Table Tennis
Empoli,2399,2019/2020 Serie B Eurobet,soccer,Soccer
Tallinna JK Legion,3253,2020 A Le Coq Premium Liiga,soccer,Soccer
Oakland Athletics,373,MLB,baseball,Baseball
IFK Norrköping,3285,2020 Allsvenskan,soccer,Soccer
Fulham,1235,2019/2020 Sky Bet Championship,soccer,Soccer
Canterbury-Bankstown Bulldogs,3296,2020 Telstra Premiership,rugby-league,Rugby League
Sivasspor,2378,2019/2020 Spor Toto Süper Lig,soccer,Soccer
"Klimentev, V",3295,2020 Russian Liga Pro,table-tennis,Table Tennis
"Vahnin, G",3295,2020 Russian Liga Pro,table-tennis,Table Tennis
Sandecja Nowy Sacz,2411,2020/2021 Polish First League,soccer,Soccer
SD Eibar,1181,2019/2020 Liga de Fútbol Profesional,soccer,Soccer
Turkey,2898,2020 European UEFA European Football Championship,soccer,Soccer
Riga FC,3274,2020 LMT Virsliga,soccer,Soccer
Tartu JK Tammeka U21,3251,2020 Esiliiga A,soccer,Soccer
Belconnen United,3293,2020 National Premier League Capital Territory,soccer,Soccer
KT Wiz,3330,2020 Korean Baseball Organization,baseball,Baseball
Espanyol,1181,2019/2020 Liga de Fútbol Profesional,soccer,Soccer
Chrobry Glogow,2411,2020/2021 Polish First League,soccer,Soccer
"Anderson, G",3437,2020 BetVictor World Matchplay,darts,Darts
"Werdum, F",2897,2020 Ultimate Fighting Championship,mma,MMA
Cooma Tigers,3293,2020 National Premier League Capital Territory,soccer,Soccer
"Abramov, K",3295,2020 Russian Liga Pro,table-tennis,Table Tennis
"Zarazua, R",3333,2020 US Pro Tennis Series Women,tennis,Tennis
Tigres de la UANL,2928,2020 Liga BBVA Bancomer,soccer,Soccer
NSI Runavik,3260,2020 Vodafonedeildin Premier League,soccer,Soccer
Houston Dash Women,3415,2020 US NWSL Challenge Cup Women,soccer,Soccer
"Prokopcov, D",3326,2020 TTStar Series,table-tennis,Table Tennis
Swansea City,1235,2019/2020 Sky Bet Championship,soccer,Soccer
Santos Laguna,2928,2020 Liga BBVA Bancomer,soccer,Soccer
"Livianu, J",3333,2020 US Pro Tennis Series Women,tennis,Tennis
Hokkaido Nippon Ham Fighters,3377,2020 Nippon Professional Baseball,baseball,Baseball
FK Dainava Alytus,3363,2020 1 Lyga,soccer,Soccer
FC Kuressaare,3253,2020 A Le Coq Premium Liiga,soccer,Soccer
Perugia,2399,2019/2020 Serie B Eurobet,soccer,Soccer
Haugesund,3351,2020 Eliteserien,soccer,Soccer
KS Skënderbeu Korçë,2444,2019/2020 Kategoria Superiore,soccer,Soccer
Tianjin TEDA FC,3155,2020 Chinese Super League,soccer,Soccer
Hiroshima Toyo Carp,3377,2020 Nippon Professional Baseball,baseball,Baseball
"Schmidt, M",3333,2020 US Pro Tennis Series Women,tennis,Tennis
Los Angeles Chargers,319,NFL,american-football,Football
FC Juárez,2928,2020 Liga BBVA Bancomer,soccer,Soccer
AFC Eskilstuna,3284,2020 Superettan,soccer,Soccer
Memphis Grizzlies,320,NBA,basketball,Basketball
FC Khimik Svetlogorsk,3314,2020 Belarus Division 1,soccer,Soccer
GIF Sundsvall,3284,2020 Superettan,soccer,Soccer
Essendon,3219,2020 Toyota AFL Premiership,aussie-rules,Aussie Rules
Alajuelense,3350,2020 Union de Clubes de Primera División,soccer,Soccer
Shakhtar Donetsk,2454,2019/2020 UEFA Europa League,soccer,Soccer
Tallinna FC Levadia,3253,2020 A Le Coq Premium Liiga,soccer,Soccer
Seattle Seahawks,319,NFL,american-football,Football
Asociacion Deportiva San Carlos,3350,2020 Union de Clubes de Primera División,soccer,Soccer
Texas Rangers,373,MLB,baseball,Baseball
Akhisar Belediyespor,2543,2019/2020 PTT 1. Lig,soccer,Soccer
Bayswater City,3289,2020 PS4 National Premier Leagues Western,soccer,Soccer
Minnesota Vikings,319,NFL,american-football,Football
Dalian Professional FC,3155,2020 Chinese Super League,soccer,Soccer
"Li, Ann",3354,2020 Grand Slam Tennis Tours MatchPlay 120 Women,tennis,Tennis
"Pashkov, N",3295,2020 Russian Liga Pro,table-tennis,Table Tennis
Gorodeya,3294,2020 Belarusian Vysshaya Liga,soccer,Soccer
FC Wil 1900,1233,2019/2020 Brack.ch Challenge League,soccer,Soccer
Vendsyssel FF,2418,2019/2020 NordicBet Ligaen,soccer,Soccer
Chelsea,2797,2019/2020 The Emirates FA Cup,soccer,Soccer
Tondela,1283,2019/2020 Liga NOS,soccer,Soccer
FC Dinamo Brest,3294,2020 Belarusian Vysshaya Liga,soccer,Soccer
New York Giants,319,NFL,american-football,Football
Chungnam Asan FC,3255,2020 Korea Republic K-League 2,soccer,Soccer
Cosenza Calcio,2399,2019/2020 Serie B Eurobet,soccer,Soccer
SK Vorwärts Steyr,2548,2019/2020 Austria 2. Liga,soccer,Soccer
Getafe,2454,2019/2020 UEFA Europa League,soccer,Soccer
"Skrebnev, A",3295,2020 Russian Liga Pro,table-tennis,Table Tennis
Kasimpasa SK,2378,2019/2020 Spor Toto Süper Lig,soccer,Soccer
Melbourne Victory,2712,2019/2020 Hyundai A-League,soccer,Soccer
SK Dnipro-1,1214,2019/2020 Premier League,soccer,Soccer
Paide Linnameeskond,3253,2020 A Le Coq Premium Liiga,soccer,Soccer
Valmiera Glass,3274,2020 LMT Virsliga,soccer,Soccer
CS Petrocub,3276,2020 National Division,soccer,Soccer
Fremantle,3219,2020 Toyota AFL Premiership,aussie-rules,Aussie Rules
Santa Clara,1283,2019/2020 Liga NOS,soccer,Soccer
Leicester City,1180,England Premier League,soccer,Soccer
San Diego Loyal SC,3227,2020 USL,soccer,Soccer
Arsenal,1180,England Premier League,soccer,Soccer
Watford,1180,England Premier League,soccer,Soccer
"Calderwood, J",2897,2020 Ultimate Fighting Championship,mma,MMA
"Yusipov, T",3295,2020 Russian Liga Pro,table-tennis,Table Tennis
MyPa,3405,2020 Ykkönen,soccer,Soccer
Floreat Athena,3289,2020 PS4 National Premier Leagues Western,soccer,Soccer
Oshmyany FK,3314,2020 Belarus Division 1,soccer,Soccer
"Rakhmanov, V",3295,2020 Russian Liga Pro,table-tennis,Table Tennis
Sacramento Kings,320,NBA,basketball,Basketball
Bumprom,3336,2020/2021 Belarusian Cup,soccer,Soccer
"Nemashkalo, V",3295,2020 Russian Liga Pro,table-tennis,Table Tennis
"McKee, R",2897,2020 Ultimate Fighting Championship,mma,MMA
FC St. Gallen,1162,2019/2020 Raiffeisen Super League,soccer,Soccer
"Power, S",3444,2020 3M Open,golf,Golf
Oita Trinita,3139,2020 J. League,soccer,Soccer
PB and SMM Manawatu Jets,3406,2020 New Zealand Sal's NBL,basketball,Basketball
Internazionale,2398,2019/2020 Serie A TIM,soccer,Soccer
GKS Jastrzebie,2411,2020/2021 Polish First League,soccer,Soccer
Toronto Raptors,320,NBA,basketball,Basketball
"Correia, B",2897,2020 Ultimate Fighting Championship,mma,MMA
Atlanta United FC II,3227,2020 USL,soccer,Soccer
FC Lausanne-Sport,1233,2019/2020 Brack.ch Challenge League,soccer,Soccer
"Ivanov, V",3295,2020 Russian Liga Pro,table-tennis,Table Tennis
"Wood, N",2897,2020 Ultimate Fighting Championship,mma,MMA
Municipal Grecia,3350,2020 Union de Clubes de Primera División,soccer,Soccer
"Pettis, S",3000,2020 Bellator 85,mma,MMA
FC Minsk,3294,2020 Belarusian Vysshaya Liga,soccer,Soccer
Gençlerbirligi SK,2378,2019/2020 Spor Toto Süper Lig,soccer,Soccer
Hajduk Split,1150,2019/2020 MAXtv Prva HNL,soccer,Soccer
Adelaide United Youth,3288,2020 PS4 National Premier Leagues South,soccer,Soccer
Servette FC,1162,2019/2020 Raiffeisen Super League,soccer,Soccer
Clarence Zebras FC,3290,2020 National Premier Leagues Tasmania,soccer,Soccer
"Hatley, C",3000,2020 Bellator 85,mma,MMA
Toronto FC,3053,2020 MLS,soccer,Soccer
San Diego Padres,373,MLB,baseball,Baseball
Brisbane Lions,3219,2020 Toyota AFL Premiership,aussie-rules,Aussie Rules
Hellas Verona,2398,2019/2020 Serie A TIM,soccer,Soccer
Birmingham Legion FC,3227,2020 USL,soccer,Soccer
Zenit Saint-Petersburg,2412,2019/2020 Pirelli Russian Cup,soccer,Soccer
Wuhan Zall,3155,2020 Chinese Super League,soccer,Soccer
West Coast,3219,2020 Toyota AFL Premiership,aussie-rules,Aussie Rules
St. Louis Blues,321,NHL,ice-hockey,Hockey
"Jackson, J",3000,2020 Bellator 85,mma,MMA
Olympic FC,3292,2020 PS4 National Premier Leagues Queensland,soccer,Soccer
Cincinnati Bengals,319,NFL,american-football,Football
Dallas Mavericks,320,NBA,basketball,Basketball
Perth Glory Youth,3289,2020 PS4 National Premier Leagues Western,soccer,Soccer
FC Schaffhausen,1233,2019/2020 Brack.ch Challenge League,soccer,Soccer
Balcatta FC,3289,2020 PS4 National Premier Leagues Western,soccer,Soccer
Pohang Steelers,3188,2020 Korea Republic K-League 1,soccer,Soccer
Pogon Szczecin,1148,2019/2020 T-Mobile Ekstraklasa,soccer,Soccer
Radomiak Radom,2411,2020/2021 Polish First League,soccer,Soccer
"Shahbazyan, E",2897,2020 Ultimate Fighting Championship,mma,MMA
"Sysoeva, A",3333,2020 US Pro Tennis Series Women,tennis,Tennis
Chongqing Siwei,3155,2020 Chinese Super League,soccer,Soccer
Göztepe,2378,2019/2020 Spor Toto Süper Lig,soccer,Soccer
"Krokhin, V",3295,2020 Russian Liga Pro,table-tennis,Table Tennis
CS Mioveni,2410,2019/2020 Liga II,soccer,Soccer
Houston Rockets,320,NBA,basketball,Basketball
Dnepr Mogilev,3336,2020/2021 Belarusian Cup,soccer,Soccer
Brann,3351,2020 Eliteserien,soccer,Soccer
"Collier, J",2897,2020 Ultimate Fighting Championship,mma,MMA
Tochigi S.C.,3181,2020 J. League 2,soccer,Soccer
Philadelphia Union II,3227,2020 USL,soccer,Soccer
Chunichi Dragons,3377,2020 Nippon Professional Baseball,baseball,Baseball
NFL Outrights 2020/21,3340,NFL Futures,american-football,Football
Kalmar FF,3285,2020 Allsvenskan,soccer,Soccer
Akhmat Grozny,1124,2019/2020 Sogaz Russian Championship,soccer,Soccer
UFC Booster Odds,3424,Crowd Boosters,name-a-bet,Name A Bet
Bayer 04 Leverkusen,2454,2019/2020 UEFA Europa League,soccer,Soccer
Benevento,2399,2019/2020 Serie B Eurobet,soccer,Soccer
"Stanley, K",3444,2020 3M Open,golf,Golf
"Cappelen, S",3444,2020 3M Open,golf,Golf
Sunshine Coast Wanderers,3292,2020 PS4 National Premier Leagues Queensland,soccer,Soccer
FC Telavi,3220,2020 Georgia Erovnuli Liga,soccer,Soccer
Montedio Yamagata,3181,2020 J. League 2,soccer,Soccer
Philadelphia 76ers,320,NBA,basketball,Basketball
Metalist 1925 Kharkiv,2616,2019/2020 Persha Liha,soccer,Soccer
Sepsi OSK Sfantu Gheorghe,1123,2019/2020 Liga 1 Bergembier,soccer,Soccer
"Chang, H",3362,2020 US Pro Tennis Series West Women,tennis,Tennis
Sevilla,2454,2019/2020 UEFA Europa League,soccer,Soccer
Pisa,2399,2019/2020 Serie B Eurobet,soccer,Soccer
FC Midtjylland,1122,2019/2020 ALKA Superliga,soccer,Soccer
Racing Santander,2366,2019/2020 LaLiga 1|2|3,soccer,Soccer
Monterrey,2928,2020 Liga BBVA Bancomer,soccer,Soccer
Finland,2898,2020 European UEFA European Football Championship,soccer,Soccer
SV Lafnitz,2548,2019/2020 Austria 2. Liga,soccer,Soccer
"Suharkov, O",3295,2020 Russian Liga Pro,table-tennis,Table Tennis
Brøndby IF,1122,2019/2020 ALKA Superliga,soccer,Soccer
Renofa Yamaguchi,3181,2020 J. League 2,soccer,Soccer
France,2898,2020 European UEFA European Football Championship,soccer,Soccer
"Boser, T",2897,2020 Ultimate Fighting Championship,mma,MMA
Ljungskile SK,3284,2020 Superettan,soccer,Soccer
"Morgina, A",3362,2020 US Pro Tennis Series West Women,tennis,Tennis
"Merzlikin, D",3295,2020 Russian Liga Pro,table-tennis,Table Tennis
Rakow Czestochowa,1148,2019/2020 T-Mobile Ekstraklasa,soccer,Soccer
KTP,3405,2020 Ykkönen,soccer,Soccer
Vitória de Setúbal,1283,2019/2020 Liga NOS,soccer,Soccer
Pärnu Jalgpalliklubi,3251,2020 Esiliiga A,soccer,Soccer
New York Islanders,321,NHL,ice-hockey,Hockey
Trelleborgs FF,3284,2020 Superettan,soccer,Soccer
San Francisco Giants,373,MLB,baseball,Baseball
Kingborough Lions,3290,2020 National Premier Leagues Tasmania,soccer,Soccer
Varbergs BoIS,3285,2020 Allsvenskan,soccer,Soccer
HNK Gorica,1150,2019/2020 MAXtv Prva HNL,soccer,Soccer
AC Oulu,3405,2020 Ykkönen,soccer,Soccer
Gamba Osaka,3139,2020 J. League,soccer,Soccer
Vändra JK Vaprus,3251,2020 Esiliiga A,soccer,Soccer
Rangers,2454,2019/2020 UEFA Europa League,soccer,Soccer
BSC Young Boys,1162,2019/2020 Raiffeisen Super League,soccer,Soccer
Denmark,2898,2020 European UEFA European Football Championship,soccer,Soccer
Sporting de Braga,1283,2019/2020 Liga NOS,soccer,Soccer
GKS Belchatów,2411,2020/2021 Polish First League,soccer,Soccer
Besiktas JK,2378,2019/2020 Spor Toto Süper Lig,soccer,Soccer
"Mochizuki, S",3353,2020 Grand Slam Tennis Tours MatchPlay 120,tennis,Tennis
San Antonio Spurs,320,NBA,basketball,Basketball
Viborg FF,2418,2019/2020 NordicBet Ligaen,soccer,Soccer
"Kuzmin, S",3295,2020 Russian Liga Pro,table-tennis,Table Tennis
NULL,3424,Crowd Boosters,name-a-bet,Name A Bet
Wellington Phoenix,2712,2019/2020 Hyundai A-League,soccer,Soccer
"Petrov, V",3295,2020 Russian Liga Pro,table-tennis,Table Tennis
SK Wyverns,3330,2020 Korean Baseball Organization,baseball,Baseball
Venezia,2399,2019/2020 Serie B Eurobet,soccer,Soccer
Crusaders,3344,2020 Super Rugby Mini-Series,rugby-union,Rugby Union
Ukraine,2898,2020 European UEFA European Football Championship,soccer,Soccer
FC Viitorul Constanta,1123,2019/2020 Liga 1 Bergembier,soccer,Soccer
St. Louis Cardinals,373,MLB,baseball,Baseball
"Day, K",3362,2020 US Pro Tennis Series West Women,tennis,Tennis
VPS,3405,2020 Ykkönen,soccer,Soccer
Hanwha Eagles,3330,2020 Korean Baseball Organization,baseball,Baseball
Suwon Samsung Bluewings,3188,2020 Korea Republic K-League 1,soccer,Soccer
"Evloev, M",2897,2020 Ultimate Fighting Championship,mma,MMA
"Miocic, S",2897,2020 Ultimate Fighting Championship,mma,MMA
Campbelltown City,3288,2020 PS4 National Premier Leagues South,soccer,Soccer
Internazionale,2454,2019/2020 UEFA Europa League,soccer,Soccer
"Elie, J",3333,2020 US Pro Tennis Series Women,tennis,Tennis
Everton,1180,England Premier League,soccer,Soccer
Chelsea,1180,England Premier League,soccer,Soccer
Sanfrecce Hiroshima,3139,2020 J. League,soccer,Soccer
Chojniczanka Chojnice,2411,2020/2021 Polish First League,soccer,Soccer
"Matveyev, I",3295,2020 Russian Liga Pro,table-tennis,Table Tennis
Hvidovre IF,2418,2019/2020 NordicBet Ligaen,soccer,Soccer
New Orleans Saints,319,NFL,american-football,Football
Kashima Antlers,3139,2020 J. League,soccer,Soccer
Minnesota Twins,373,MLB,baseball,Baseball
Italy,2898,2020 European UEFA European Football Championship,soccer,Soccer
FC Luzern,1162,2019/2020 Raiffeisen Super League,soccer,Soccer
Tartu JK Tammeka,3253,2020 A Le Coq Premium Liiga,soccer,Soccer
FK Kukësi,2444,2019/2020 Kategoria Superiore,soccer,Soccer
Atlanta Braves,373,MLB,baseball,Baseball
Inglewood United,3289,2020 PS4 National Premier Leagues Western,soccer,Soccer
"Zhulyabin, V",3295,2020 Russian Liga Pro,table-tennis,Table Tennis
Western Force,3414,2020 Super Rugby Mini-Series,rugby-union,Rugby Union
Gyeongnam FC,3255,2020 Korea Republic K-League 2,soccer,Soccer
Devonport City SC Strikers,3290,2020 National Premier Leagues Tasmania,soccer,Soccer
Kohtla-Järve JK Järve,3251,2020 Esiliiga A,soccer,Soccer
Gold Coast United,3292,2020 PS4 National Premier Leagues Queensland,soccer,Soccer
Odds Ballklubb,3351,2020 Eliteserien,soccer,Soccer
FC København,1122,2019/2020 ALKA Superliga,soccer,Soccer
FC Chiasso,1233,2019/2020 Brack.ch Challenge League,soccer,Soccer
West Ham,1180,England Premier League,soccer,Soccer
Peninsula Power,3292,2020 PS4 National Premier Leagues Queensland,soccer,Soccer
Mikkelin Palloilijat,3405,2020 Ykkönen,soccer,Soccer
Alanyaspor,2378,2019/2020 Spor Toto Süper Lig,soccer,Soccer
Östers IF,3284,2020 Superettan,soccer,Soccer
Daegu FC,3188,2020 Korea Republic K-League 1,soccer,Soccer
Granada CF,1181,2019/2020 Liga de Fútbol Profesional,soccer,Soccer
Puebla,2928,2020 Liga BBVA Bancomer,soccer,Soccer
Warta Poznan,2411,2020/2021 Polish First League,soccer,Soccer
"Burton, S",3313,2020 Icons of Darts Live League,darts,Darts
FC Anyang,3255,2020 Korea Republic K-League 2,soccer,Soccer
Tampa Bay Lightning,321,NHL,ice-hockey,Hockey
"Kay, K",3313,2020 Icons of Darts Live League,darts,Darts
"Dos Santos, J",2897,2020 Ultimate Fighting Championship,mma,MMA
"Perez, M",2897,2020 Ultimate Fighting Championship,mma,MMA
"Tregler, T",3326,2020 TTStar Series,table-tennis,Table Tennis
Milwaukee Brewers,373,MLB,baseball,Baseball
2020 Price Cutter Charity Championship,3442,2020 Price Cutter Charity Championship Presented by Dr Pepper,golf,Golf
SK Austria Klagenfurt,2548,2019/2020 Austria 2. Liga,soccer,Soccer
Samsung Lions,3330,2020 Korean Baseball Organization,baseball,Baseball
Ansan Greeners FC,3255,2020 Korea Republic K-League 2,soccer,Soccer
FC Aarau,1233,2019/2020 Brack.ch Challenge League,soccer,Soccer
SC Austria Lustenau,2548,2019/2020 Austria 2. Liga,soccer,Soccer
Nõmme Kalju FC,3253,2020 A Le Coq Premium Liiga,soccer,Soccer
Podbeskidzie Bielsko-Biala,2411,2020/2021 Polish First League,soccer,Soccer
FC Ryukyu,3181,2020 J. League 2,soccer,Soccer
Sampdoria,2398,2019/2020 Serie A TIM,soccer,Soccer
"Brown, S",3444,2020 3M Open,golf,Golf
Tokyo Verdy,3181,2020 J. League 2,soccer,Soccer
Young Violets Austria Wien,2548,2019/2020 Austria 2. Liga,soccer,Soccer
Portland Timbers,3053,2020 MLS,soccer,Soccer
"English, H",3444,2020 3M Open,golf,Golf
England,2898,2020 European UEFA European Football Championship,soccer,Soccer
V-Varen Nagasaki,3181,2020 J. League 2,soccer,Soccer
Vllaznia Shkodër,2444,2019/2020 Kategoria Superiore,soccer,Soccer
Omiya Ardija,3181,2020 J. League 2,soccer,Soccer
Grasshopper Club Zürich,1233,2019/2020 Brack.ch Challenge League,soccer,Soccer
"Van Nguyen, C",3333,2020 US Pro Tennis Series Women,tennis,Tennis
AS Roma,2398,2019/2020 Serie A TIM,soccer,Soccer
"Tukh, I",3295,2020 Russian Liga Pro,table-tennis,Table Tennis
"Putnam, A",3444,2020 3M Open,golf,Golf
Antalyaspor,2378,2019/2020 Spor Toto Süper Lig,soccer,Soccer
IF Elfsborg,3285,2020 Allsvenskan,soccer,Soccer
Norrby IF,3284,2020 Superettan,soccer,Soccer
Manchester United,2454,2019/2020 UEFA Europa League,soccer,Soccer
Sydney Roosters,3296,2020 Telstra Premiership,rugby-league,Rugby League
Torino,2398,2019/2020 Serie A TIM,soccer,Soccer
NK Inter Zaprešic,1150,2019/2020 MAXtv Prva HNL,soccer,Soccer
RoPS,3412,2020 Veikkausliiga,soccer,Soccer
AC Milan,2398,2019/2020 Serie A TIM,soccer,Soccer
Adelaide Raiders,3288,2020 PS4 National Premier Leagues South,soccer,Soccer
FF Jaro,3405,2020 Ykkönen,soccer,Soccer
"Long, A",3444,2020 3M Open,golf,Golf
Narva Trans,3253,2020 A Le Coq Premium Liiga,soccer,Soccer
Gwangju FC,3188,2020 Korea Republic K-League 1,soccer,Soccer
Juniors OÖ FC,2548,2019/2020 Austria 2. Liga,soccer,Soccer
FK Osipovichy,3336,2020/2021 Belarusian Cup,soccer,Soccer
NK Slaven Belupo,1150,2019/2020 MAXtv Prva HNL,soccer,Soccer
Boavista FC,1283,2019/2020 Liga NOS,soccer,Soccer
"Durrant, G",3437,2020 BetVictor World Matchplay,darts,Darts
Adelaide,3219,2020 Toyota AFL Premiership,aussie-rules,Aussie Rules
Parma,2398,2019/2020 Serie A TIM,soccer,Soccer
Pärnu JK Vaprus,3251,2020 Esiliiga A,soccer,Soccer
Los Angeles Angels,641,MLB,baseball,Baseball
Columbus Blue Jackets,321,NHL,ice-hockey,Hockey
EIF,3405,2020 Ykkönen,soccer,Soccer
South Sydney Rabbitohs,3296,2020 Telstra Premiership,rugby-league,Rugby League
Los Angeles Rams,319,NFL,american-football,Football
Frosinone,2399,2019/2020 Serie B Eurobet,soccer,Soccer
ECU Joondalup,3289,2020 PS4 National Premier Leagues Western,soccer,Soccer
"Nunes, R",2897,2020 Ultimate Fighting Championship,mma,MMA
Manchester United,1180,England Premier League,soccer,Soccer
NK Varaždin,1150,2019/2020 MAXtv Prva HNL,soccer,Soccer
"Corwin, F",3361,2020 US Pro Tennis Series West,tennis,Tennis
Arizona Diamondbacks,373,MLB,baseball,Baseball
Geelong,3219,2020 Toyota AFL Premiership,aussie-rules,Aussie Rules
Villarreal,1181,2019/2020 Liga de Fútbol Profesional,soccer,Soccer
Kansas Lottery 250,3154,2020 NASCAR Xfinity Series,motor-sports,Motor Racing
"Glazun, E",3295,2020 Russian Liga Pro,table-tennis,Table Tennis
Louisville City FC,3227,2020 USL,soccer,Soccer
"Shirshov, V",3295,2020 Russian Liga Pro,table-tennis,Table Tennis
Phoenix Suns,320,NBA,basketball,Basketball
Blues,3344,2020 Super Rugby Mini-Series,rugby-union,Rugby Union
San Francisco 49ers,319,NFL,american-football,Football
Hapoel Gilboa Galil,3397,2019/2020 Ligat HaAl,basketball,Basketball
New England Patriots,319,NFL,american-football,Football
"Parks, A",3333,2020 US Pro Tennis Series Women,tennis,Tennis
Toronto Maple Leafs,321,NHL,ice-hockey,Hockey
"Maia, J",2897,2020 Ultimate Fighting Championship,mma,MMA
Paços de Ferreira,1283,2019/2020 Liga NOS,soccer,Soccer
"Rodriguez, Marina",2897,2020 Ultimate Fighting Championship,mma,MMA
Olimpia Grudziadz,2411,2020/2021 Polish First League,soccer,Soccer
"Martinez, J",2897,2020 Ultimate Fighting Championship,mma,MMA
Hobart Olympia Warriors,3290,2020 National Premier Leagues Tasmania,soccer,Soccer
Indy Eleven,3227,2020 USL,soccer,Soccer
"Trushkin, A",3295,2020 Russian Liga Pro,table-tennis,Table Tennis
Kawasaki Frontale,3139,2020 J. League,soccer,Soccer
Malmö FF,3285,2020 Allsvenskan,soccer,Soccer
FC Lida,3314,2020 Belarus Division 1,soccer,Soccer
Detroit Tigers,373,MLB,baseball,Baseball
Lechia Gdansk,2609,2019/2020 Polish Cup,soccer,Soccer
"McDonald, M",3353,2020 Grand Slam Tennis Tours MatchPlay 120,tennis,Tennis
Levante UD,1181,2019/2020 Liga de Fútbol Profesional,soccer,Soccer
NULL,3347,NBA Futures,basketball,Basketball
Western United FC,2712,2019/2020 Hyundai A-League,soccer,Soccer
FC Lahti,3412,2020 Veikkausliiga,soccer,Soccer
MuSa,3405,2020 Ykkönen,soccer,Soccer
Tallinna FC Flora,3253,2020 A Le Coq Premium Liiga,soccer,Soccer
FC Granit Mikashevichi,3314,2020 Belarus Division 1,soccer,Soccer
Atlético San Luis,2928,2020 Liga BBVA Bancomer,soccer,Soccer
SJK,3412,2020 Veikkausliiga,soccer,Soccer
"Brymer, G",3361,2020 US Pro Tennis Series West,tennis,Tennis
Real Salt Lake,3053,2020 MLS,soccer,Soccer
"Valiev, T",2897,2020 Ultimate Fighting Championship,mma,MMA
La U Universitarios,3350,2020 Union de Clubes de Primera División,soccer,Soccer
NULL,3214,2020 FIA Formula One World Championship,motor-sports,Motor Racing
NBA Outrights 2019/20,3347,NBA Futures,basketball,Basketball
"Sobotta, P",2897,2020 Ultimate Fighting Championship,mma,MMA
Aston Villa,1180,England Premier League,soccer,Soccer
Falkenbergs FF,3285,2020 Allsvenskan,soccer,Soccer
"Herbert, J",2897,2020 Ultimate Fighting Championship,mma,MMA
SC Grobinas,3417,2020 Latvia 1. Liga,soccer,Soccer
Minnesota Wild,321,NHL,ice-hockey,Hockey
Miedz Legnica,2411,2020/2021 Polish First League,soccer,Soccer
"Ogai, S",3295,2020 Russian Liga Pro,table-tennis,Table Tennis
Shakhtar Donetsk,1214,2019/2020 Premier League,soccer,Soccer
Miami Marlins,373,MLB,baseball,Baseball
Ponferradina,2366,2019/2020 LaLiga 1|2|3,soccer,Soccer
Eastern Suburbs,3292,2020 PS4 National Premier Leagues Queensland,soccer,Soccer
Cagliari,2398,2019/2020 Serie A TIM,soccer,Soccer
"Vickery, S",3333,2020 US Pro Tennis Series Women,tennis,Tennis
FK Dinamo Riga,3417,2020 Latvia 1. Liga,soccer,Soccer
"Kryuchkov, E",3295,2020 Russian Liga Pro,table-tennis,Table Tennis
Næstved BK,2418,2019/2020 NordicBet Ligaen,soccer,Soccer
Vålerenga,3351,2020 Eliteserien,soccer,Soccer
"Stefani, L",3333,2020 US Pro Tennis Series Women,tennis,Tennis
Rosenborg BK,3351,2020 Eliteserien,soccer,Soccer
Seattle Sounders,3053,2020 MLS,soccer,Soccer
Urawa Red Diamonds,3139,2020 J. League,soccer,Soccer
"Babkin, A",3295,2020 Russian Liga Pro,table-tennis,Table Tennis
Riverside Olympic FC,3290,2020 National Premier Leagues Tasmania,soccer,Soccer
Netherlands,2898,2020 European UEFA European Football Championship,soccer,Soccer
FK Orsha,3314,2020 Belarus Division 1,soccer,Soccer
Brooklyn Nets,320,NBA,basketball,Basketball
Russia,2898,2020 European UEFA European Football Championship,soccer,Soccer
Wolverhampton Wanderers,2454,2019/2020 UEFA Europa League,soccer,Soccer
Örgryte IS,3284,2020 Superettan,soccer,Soccer
Canberra Raiders,3296,2020 Telstra Premiership,rugby-league,Rugby League
Caykur Rizespor,2378,2019/2020 Spor Toto Süper Lig,soccer,Soccer
Lokomotiv Tbilisi,3220,2020 Georgia Erovnuli Liga,soccer,Soccer
Croatia,2898,2020 European UEFA European Football Championship,soccer,Soccer
FC Cincinnati,3053,2020 MLS,soccer,Soccer
"Rozenstruik, J",2897,2020 Ultimate Fighting Championship,mma,MMA
Mjøndalen,3351,2020 Eliteserien,soccer,Soccer
Kyoto Sanga,3181,2020 J. League 2,soccer,Soccer
Green Bay Packers,319,NFL,american-football,Football
Kolding IF,2418,2019/2020 NordicBet Ligaen,soccer,Soccer
FC Polotsk 2019,3336,2020/2021 Belarusian Cup,soccer,Soccer
CD Guadalajara,2928,2020 Liga BBVA Bancomer,soccer,Soccer
FK Sputnik,3336,2020/2021 Belarusian Cup,soccer,Soccer
"Volkov, A",3295,2020 Russian Liga Pro,table-tennis,Table Tennis
"Vakar, S",3295,2020 Russian Liga Pro,table-tennis,Table Tennis
Viking FK,3351,2020 Eliteserien,soccer,Soccer
Hartford Athletic FC,3227,2020 USL,soccer,Soccer
Vancouver Canucks,321,NHL,ice-hockey,Hockey
Los Angeles Clippers,320,NBA,basketball,Basketball
Shonan Bellmare,3139,2020 J. League,soccer,Soccer
Sporting CP,1283,2019/2020 Liga NOS,soccer,Soccer
"Luque, V",2897,2020 Ultimate Fighting Championship,mma,MMA
Termalica Bruk-Bet Nieciecza,2411,2020/2021 Polish First League,soccer,Soccer
New York Jets,319,NFL,american-football,Football
Seoul E-Land FC,3255,2020 Korea Republic K-League 2,soccer,Soccer
Perth SC,3289,2020 PS4 National Premier Leagues Western,soccer,Soccer
Houston Astros,373,MLB,baseball,Baseball
Ventforet Kofu,3181,2020 J. League 2,soccer,Soccer
Sagan Tosu,3139,2020 J. League,soccer,Soccer
Rio Grande Valley FC Toros,3227,2020 USL,soccer,Soccer
Yomiuri Giants,3377,2020 Nippon Professional Baseball,baseball,Baseball
KF Tirana,2444,2019/2020 Kategoria Superiore,soccer,Soccer
FC Tokyo,3139,2020 J. League,soccer,Soccer
Prykarpattya Ivano-Frankivsk,2616,2019/2020 Persha Liha,soccer,Soccer
"Ankalaev, M",2897,2020 Ultimate Fighting Championship,mma,MMA
Philadelphia Flyers,321,NHL,ice-hockey,Hockey
New York Red Bulls II,3227,2020 USL,soccer,Soccer
Denizlispor Kulübü,2378,2019/2020 Spor Toto Süper Lig,soccer,Soccer
BK Häcken,3285,2020 Allsvenskan,soccer,Soccer
"Whittaker, R",2897,2020 Ultimate Fighting Championship,mma,MMA
Chicago Blackhawks,321,NHL,ice-hockey,Hockey
Philadelphia Union,3053,2020 MLS,soccer,Soccer
Kolos Kovalyovka,1214,2019/2020 Premier League,soccer,Soccer
Aalesunds FK,3351,2020 Eliteserien,soccer,Soccer
"Dalby, N",2897,2020 Ultimate Fighting Championship,mma,MMA
Pittsburgh Pirates,373,MLB,baseball,Baseball
Bursaspor,2543,2019/2020 PTT 1. Lig,soccer,Soccer
Rockingham City FC,3289,2020 PS4 National Premier Leagues Western,soccer,Soccer
Moreton Bay United FC,3292,2020 PS4 National Premier Leagues Queensland,soccer,Soccer
New York Rangers,321,NHL,ice-hockey,Hockey
Carolina Hurricanes,321,NHL,ice-hockey,Hockey
Nashville Predators,321,NHL,ice-hockey,Hockey
South Hobart SC,3290,2020 National Premier Leagues Tasmania,soccer,Soccer
Vejle BK,2418,2019/2020 NordicBet Ligaen,soccer,Soccer
Stabæk,3351,2020 Eliteserien,soccer,Soccer
Sangju Sangmu,3188,2020 Korea Republic K-League 1,soccer,Soccer
Los Angeles Angels,373,MLB,baseball,Baseball
Cruz Azul,2928,2020 Liga BBVA Bancomer,soccer,Soccer
Pumas UNAM,2928,2020 Liga BBVA Bancomer,soccer,Soccer
Carolina Panthers,319,NFL,american-football,Football
Brescia,2398,2019/2020 Serie A TIM,soccer,Soccer
Benfica,1283,2019/2020 Liga NOS,soccer,Soccer
Kansas City Chiefs,319,NFL,american-football,Football
Melbourne,3219,2020 Toyota AFL Premiership,aussie-rules,Aussie Rules
Chicago Red Stars Women,3415,2020 US NWSL Challenge Cup Women,soccer,Soccer
Tampa Bay Buccaneers,319,NFL,american-football,Football
Chiefs,3344,2020 Super Rugby Mini-Series,rugby-union,Rugby Union
Orlando Magic,320,NBA,basketball,Basketball
Atlas,2928,2020 Liga BBVA Bancomer,soccer,Soccer
Otago Nuggets,3406,2020 New Zealand Sal's NBL,basketball,Basketball
Sheffield United,1180,England Premier League,soccer,Soccer
New Orleans Pelicans,320,NBA,basketball,Basketball
Norwich City,1180,England Premier League,soccer,Soccer
Stal Mielec,2411,2020/2021 Polish First League,soccer,Soccer
Woden Weston FC,3293,2020 National Premier League Capital Territory,soccer,Soccer
"Lopez, L",3361,2020 US Pro Tennis Series West,tennis,Tennis
"Molodtsov, D",3295,2020 Russian Liga Pro,table-tennis,Table Tennis
"van den Bergh, D",3437,2020 BetVictor World Matchplay,darts,Darts
Salernitana,2399,2019/2020 Serie B Eurobet,soccer,Soccer
"Emeev, R",2897,2020 Ultimate Fighting Championship,mma,MMA
"Pandur, I",3295,2020 Russian Liga Pro,table-tennis,Table Tennis
Mito Hollyhock,3181,2020 J. League 2,soccer,Soccer
Getafe,1181,2019/2020 Liga de Fútbol Profesional,soccer,Soccer
FC Vaduz,1233,2019/2020 Brack.ch Challenge League,soccer,Soccer
Sevilla,1181,2019/2020 Liga de Fútbol Profesional,soccer,Soccer
"Koepka, B",3444,2020 3M Open,golf,Golf
St. George Illawarra Dragons,3296,2020 Telstra Premiership,rugby-league,Rugby League
Lecce,2398,2019/2020 Serie A TIM,soccer,Soccer
Hammarby IF,3285,2020 Allsvenskan,soccer,Soccer
Adana Demirspor,2543,2019/2020 PTT 1. Lig,soccer,Soccer
"Sewing, S",3333,2020 US Pro Tennis Series Women,tennis,Tennis
Shanghai Shenhua,3155,2020 Chinese Super League,soccer,Soccer
SC Kriens,1233,2019/2020 Brack.ch Challenge League,soccer,Soccer
PFC Oleksandria,1214,2019/2020 Premier League,soccer,Soccer
Club Tijuana,2928,2020 Liga BBVA Bancomer,soccer,Soccer
Minnesota United,3053,2020 MLS,soccer,Soccer
Paris Saint-Germain,2828,2019/2020 Coupe de France,soccer,Soccer
FK Smiltene/BJSS,3417,2020 Latvia 1. Liga,soccer,Soccer
Henan Jianye,3155,2020 Chinese Super League,soccer,Soccer
Gil Vicente,1283,2019/2020 Liga NOS,soccer,Soccer
"van der Voort, V",3437,2020 BetVictor World Matchplay,darts,Darts
"Bazilevsky, V",3295,2020 Russian Liga Pro,table-tennis,Table Tennis
Ulsan Hyundai Horangi,3188,2020 Korea Republic K-League 1,soccer,Soccer
"Castaneda, J",2897,2020 Ultimate Fighting Championship,mma,MMA
Germany,2898,2020 European UEFA European Football Championship,soccer,Soccer
Manchester City,1180,England Premier League,soccer,Soccer
"Till, D",2897,2020 Ultimate Fighting Championship,mma,MMA
Seongnam FC,3188,2020 Korea Republic K-League 1,soccer,Soccer
Dallas Stars,321,NHL,ice-hockey,Hockey
Estonia,3135,2020 International Friendlies,basketball,Basketball
Rukh Lviv,2616,2019/2020 Persha Liha,soccer,Soccer
FC Voluntari,1123,2019/2020 Liga 1 Bergembier,soccer,Soccer
Charleston Battery,3227,2020 USL,soccer,Soccer
Philadelphia Eagles,319,NFL,american-football,Football
Saint Louis FC,3227,2020 USL,soccer,Soccer
Atlanta Falcons,319,NFL,american-football,Football
"Petrov, A",3295,2020 Russian Liga Pro,table-tennis,Table Tennis
Yokohama DeNA BayStars,3377,2020 Nippon Professional Baseball,baseball,Baseball
Florida Panthers,321,NHL,ice-hockey,Hockey
Tallinna FC Flora U21,3251,2020 Esiliiga A,soccer,Soccer
Pachuca,2928,2020 Liga BBVA Bancomer,soccer,Soccer
Fatih Karagümrük Istanbul,2543,2019/2020 PTT 1. Lig,soccer,Soccer
West Indies (3rd Test),2927,2020 ICC Test Championship,cricket,Cricket
Orange County Blues,3227,2020 USL,soccer,Soccer
"Shagarov, O",3295,2020 Russian Liga Pro,table-tennis,Table Tennis
Club Necaxa,2928,2020 Liga BBVA Bancomer,soccer,Soccer
Kristiansund BK,3351,2020 Eliteserien,soccer,Soccer
SPAL,2398,2019/2020 Serie A TIM,soccer,Soccer
Hebei China Fortune FC,3155,2020 Chinese Super League,soccer,Soccer
Kashiwa Reysol,3139,2020 J. League,soccer,Soccer
"Brown, J",3313,2020 Icons of Darts Live League,darts,Darts
Cracovia Kraków,2609,2019/2020 Polish Cup,soccer,Soccer
"Sayanov, D",3295,2020 Russian Liga Pro,table-tennis,Table Tennis
Lithuania,3135,2020 International Friendlies,basketball,Basketball
"Seibert, J",3326,2020 TTStar Series,table-tennis,Table Tennis
FC Basel,1162,2019/2020 Raiffeisen Super League,soccer,Soccer
Hirnyk-Sport Komsomolsk,2616,2019/2020 Persha Liha,soccer,Soccer
Baltimore Orioles,373,MLB,baseball,Baseball
Umeå FC,3284,2020 Superettan,soccer,Soccer
LASK Linz,2454,2019/2020 UEFA Europa League,soccer,Soccer
Aalborg BK,1122,2019/2020 ALKA Superliga,soccer,Soccer
Sassuolo,2398,2019/2020 Serie A TIM,soccer,Soccer
TPS,3412,2020 Veikkausliiga,soccer,Soccer
"Ilyukhin, E",3295,2020 Russian Liga Pro,table-tennis,Table Tennis
FC Lokomotiv Daugavpils,3417,2020 Latvia 1. Liga,soccer,Soccer
Vegas Golden Knights,321,NHL,ice-hockey,Hockey
Seattle Mariners,373,MLB,baseball,Baseball
Šiauliai,3363,2020 1 Lyga,soccer,Soccer
"Lower, J",3442,2020 Price Cutter Charity Championship Presented by Dr Pepper,golf,Golf
Gaz Metan Medias,1123,2019/2020 Liga 1 Bergembier,soccer,Soccer
"Nikiforov, O",3295,2020 Russian Liga Pro,table-tennis,Table Tennis
North Melbourne,3219,2020 Toyota AFL Premiership,aussie-rules,Aussie Rules
FC Blau-Weiss Linz,2548,2019/2020 Austria 2. Liga,soccer,Soccer
New York Yankees,641,MLB,baseball,Baseball
Juventus,2398,2019/2020 Serie A TIM,soccer,Soccer
"Lewis, A",3437,2020 BetVictor World Matchplay,darts,Darts
"Mein, J",3000,2020 Bellator 85,mma,MMA
Los Angeles Galaxy II,3227,2020 USL,soccer,Soccer
Central Coast Mariners,2712,2019/2020 Hyundai A-League,soccer,Soccer
Brisbane Strikers,3292,2020 PS4 National Premier Leagues Queensland,soccer,Soccer
Puszcza Niepolomice,2411,2020/2021 Polish First League,soccer,Soccer
Columbus Crew,3053,2020 MLS,soccer,Soccer
Eintracht Frankfurt,2454,2019/2020 UEFA Europa League,soccer,Soccer
SV Guntamatic Ried,2548,2019/2020 Austria 2. Liga,soccer,Soccer
Chiba Lotte Marines,3377,2020 Nippon Professional Baseball,baseball,Baseball
Rigas Futbola Skola,3274,2020 LMT Virsliga,soccer,Soccer
Cincinnati Reds,373,MLB,baseball,Baseball
Pescara,2399,2019/2020 Serie B Eurobet,soccer,Soccer
Shijiazhuang Ever Bright F.C.,3155,2020 Chinese Super League,soccer,Soccer
Newcastle United,1180,England Premier League,soccer,Soccer
FC Chindia Targoviste,1123,2019/2020 Liga 1 Bergembier,soccer,Soccer
Sacramento Republic,3227,2020 USL,soccer,Soccer
FC Porto,1283,2019/2020 Liga NOS,soccer,Soccer
Beijing Guoan,3155,2020 Chinese Super League,soccer,Soccer
"Piercy, S",3444,2020 3M Open,golf,Golf
Edmonton Oilers,321,NHL,ice-hockey,Hockey
"Aspinall, T",2897,2020 Ultimate Fighting Championship,mma,MMA
New York Mets,373,MLB,baseball,Baseball
Belgium,2898,2020 European UEFA European Football Championship,soccer,Soccer
Phoenix Rising FC,3227,2020 USL,soccer,Soccer
Cremonese,2399,2019/2020 Serie B Eurobet,soccer,Soccer
England,2927,2020 ICC Test Championship,cricket,Cricket
"Dolehide, Caroline",3354,2020 Grand Slam Tennis Tours MatchPlay 120 Women,tennis,Tennis
Charlotte Independence,3227,2020 USL,soccer,Soccer
"Gribkov, A",3295,2020 Russian Liga Pro,table-tennis,Table Tennis
"Cutelaba, I",2897,2020 Ultimate Fighting Championship,mma,MMA
"Troyanov, Y",3295,2020 Russian Liga Pro,table-tennis,Table Tennis
"Chimaev, K",2897,2020 Ultimate Fighting Championship,mma,MMA
Consadole Sapporo,3139,2020 J. League,soccer,Soccer
FC Basel,2454,2019/2020 UEFA Europa League,soccer,Soccer
EnviroNZ Franklin Bulls,3406,2020 New Zealand Sal's NBL,basketball,Basketball
"Trainer, M",3444,2020 3M Open,golf,Golf
Khimki,2412,2019/2020 Pirelli Russian Cup,soccer,Soccer
MKE Ankaragücü,2378,2019/2020 Spor Toto Süper Lig,soccer,Soccer
"Ortlip, J",3361,2020 US Pro Tennis Series West,tennis,Tennis
Leganés,1181,2019/2020 Liga de Fútbol Profesional,soccer,Soccer
Cerezo Osaka,3139,2020 J. League,soccer,Soccer
Mazatlán FC,2928,2020 Liga BBVA Bancomer,soccer,Soccer
Miami Heat,320,NBA,basketball,Basketball
CSF Speranta Nisporeni,3276,2020 National Division,soccer,Soccer
"Riffice, S",3353,2020 Grand Slam Tennis Tours MatchPlay 120,tennis,Tennis
Colorado Avalanche,321,NHL,ice-hockey,Hockey
"Di Lorenzo, F",3354,2020 Grand Slam Tennis Tours MatchPlay 120 Women,tennis,Tennis
Lazio,2398,2019/2020 Serie A TIM,soccer,Soccer
"Scott, K",3354,2020 Grand Slam Tennis Tours MatchPlay 120 Women,tennis,Tennis
Spezia,2399,2019/2020 Serie B Eurobet,soccer,Soccer
Saldus SS/Brocenu NBJSS,3417,2020 Latvia 1. Liga,soccer,Soccer
The Wheeler Motor Canterbury Rams,3406,2020 New Zealand Sal's NBL,basketball,Basketball
"Wise, A",3444,2020 3M Open,golf,Golf
"Ramensky, I",3295,2020 Russian Liga Pro,table-tennis,Table Tennis
AFC Bournemouth,1180,England Premier League,soccer,Soccer
Grazer AK,2548,2019/2020 Austria 2. Liga,soccer,Soccer
Tohoku Rakuten Golden Eagles,3377,2020 Nippon Professional Baseball,baseball,Baseball
Floridsdorfer AC,2548,2019/2020 Austria 2. Liga,soccer,Soccer
Boston Bruins,321,NHL,ice-hockey,Hockey
Houston Texans,319,NFL,american-football,Football
SK Slavia Praha,921,2019/2020 SYNOT Liga,soccer,Soccer
Akropolis IF,3284,2020 Superettan,soccer,Soccer
"Rodgers, P",3444,2020 3M Open,golf,Golf
Yokohama F. Marinos,3139,2020 J. League,soccer,Soccer
GKS Tychy,2411,2020/2021 Polish First League,soccer,Soccer
Maccabi FOX Tel Aviv,3397,2019/2020 Ligat HaAl,basketball,Basketball
"Kianzad, P",2897,2020 Ultimate Fighting Championship,mma,MMA
"Gavlas, A",3326,2020 TTStar Series,table-tennis,Table Tennis
Jeonnam Dragons,3255,2020 Korea Republic K-League 2,soccer,Soccer
SV Horn,2548,2019/2020 Austria 2. Liga,soccer,Soccer
Penrith Panthers,3296,2020 Telstra Premiership,rugby-league,Rugby League
Konyaspor,2378,2019/2020 Spor Toto Süper Lig,soccer,Soccer
Dinamo Zagreb,1150,2019/2020 MAXtv Prva HNL,soccer,Soccer
FK Auda,3417,2020 Latvia 1. Liga,soccer,Soccer
Doosan Bears,3330,2020 Korean Baseball Organization,baseball,Baseball
FC Slavia Mozyr,3294,2020 Belarusian Vysshaya Liga,soccer,Soccer
Bodø/Glimt,3351,2020 Eliteserien,soccer,Soccer
Viljandi JK Tulevik,3253,2020 A Le Coq Premium Liiga,soccer,Soccer
Halmstads BK,3284,2020 Superettan,soccer,Soccer
Sorrento FC,3289,2020 PS4 National Premier Leagues Western,soccer,Soccer
FC Winterthur,1233,2019/2020 Brack.ch Challenge League,soccer,Soccer
FC København,2454,2019/2020 UEFA Europa League,soccer,Soccer
Bologna,2398,2019/2020 Serie A TIM,soccer,Soccer
Los Angeles FC,3053,2020 MLS,soccer,Soccer
Yeni Malatyaspor,2378,2019/2020 Spor Toto Süper Lig,soccer,Soccer
Molde,3351,2020 Eliteserien,soccer,Soccer
IK Brage,3284,2020 Superettan,soccer,Soccer
FC Liefering,2548,2019/2020 Austria 2. Liga,soccer,Soccer
"Dufner, J",3444,2020 3M Open,golf,Golf
"Ovchinnikov, A",3295,2020 Russian Liga Pro,table-tennis,Table Tennis
Nagoya Grampus,3139,2020 J. League,soccer,Soccer
FC Seoul,3188,2020 Korea Republic K-League 1,soccer,Soccer
Utah Jazz,320,NBA,basketball,Basketball
Cleveland Indians,373,MLB,baseball,Baseball
Pordenone,2399,2019/2020 Serie B Eurobet,soccer,Soccer
JDFS Alberts,3417,2020 Latvia 1. Liga,soccer,Soccer
Memphis 901 FC,3227,2020 USL,soccer,Soccer
Deportivo Saprissa,3350,2020 Union de Clubes de Primera División,soccer,Soccer
Udinese,2398,2019/2020 Serie A TIM,soccer,Soccer
Boston Celtics,320,NBA,basketball,Basketball
Limon FC,3350,2020 Union de Clubes de Primera División,soccer,Soccer
"Pinkovskii, P",3295,2020 Russian Liga Pro,table-tennis,Table Tennis
Fiorentina,2398,2019/2020 Serie A TIM,soccer,Soccer
"Esparza, C",2897,2020 Ultimate Fighting Championship,mma,MMA
Helsingborgs IF,3285,2020 Allsvenskan,soccer,Soccer
Pittsburgh Steelers,319,NFL,american-football,Football
KPV,3405,2020 Ykkönen,soccer,Soccer
